Player,Season,Team,Shoots,Pos,GP,G,A,P,PlusMinus,PIM,PtsPerGm,EVG,EVP,PPG,PPP,SHG,SHP,OTG,GWG,Shots,ShotPct,FOWPct,TOI
Leon Draisaitl,20192020,EDM,L,C,66,43,64,107,-6,16,1.62,27,64,16,43,0,0,2,10,209,20.6,51.6,22.61666667
Connor McDavid,20192020,EDM,L,C,60,32,62,94,-4,28,1.57,21,52,11,42,0,0,0,6,198,16.2,48,21.91666667
David Pastrnak,20192020,BOS,R,R,66,47,44,91,23,38,1.38,28,55,19,36,0,0,1,10,257,18.3,38.9,19.05
Artemi Panarin,20192020,NYR,R,L,64,32,58,90,34,18,1.41,25,67,7,23,0,0,0,4,196,16.3,50,20.35
Nathan MacKinnon,20192020,COL,R,C,65,33,53,86,11,12,1.32,23,57,10,29,0,0,2,4,303,10.9,42.6,21.33333333
Brad Marchand,20192020,BOS,L,L,66,27,56,83,27,72,1.26,21,54,5,26,1,3,0,5,179,15.1,40.8,19.6
Nikita Kucherov,20192020,TBL,L,R,63,31,49,80,25,34,1.27,27,56,4,24,0,0,3,6,191,16.2,0,18.76666667
Patrick Kane,20192020,CHI,L,R,65,28,50,78,4,38,1.2,21,56,7,22,0,0,1,2,243,11.5,25,21.31666667
Auston Matthews,20192020,TOR,L,C,66,45,32,77,20,8,1.17,34,53,11,24,0,0,0,4,270,16.7,55.4,20.83333333
Jack Eichel,20192020,BUF,R,C,64,35,42,77,8,34,1.2,24,50,10,26,1,1,3,9,217,16.1,47.2,22.03333333
Jonathan Huberdeau,20192020,FLA,L,L,66,22,55,77,5,30,1.17,17,48,5,29,0,0,1,3,146,15.1,39.3,18.78333333
John Carlson,20192020,WSH,R,D,65,15,58,73,15,24,1.12,13,47,2,26,0,0,0,6,180,8.3,0,24.68333333
Mark Scheifele,20192020,WPG,R,C,67,28,42,70,0,45,1.04,18,51,10,19,0,0,2,6,158,17.7,47.1,21.76666667
J.T. Miller,20192020,VAN,L,C,65,26,42,68,9,45,1.05,17,43,9,23,0,2,1,3,156,16.7,59.2,19.9
Kyle Connor,20192020,WPG,L,L,67,33,34,67,1,32,1,24,50,8,16,1,1,1,6,225,14.7,15.4,21.05
Steven Stamkos,20192020,TBL,R,C,57,29,37,66,14,22,1.16,19,47,10,19,0,0,0,6,176,16.5,54.3,18.41666667
Mika Zibanejad,20192020,NYR,R,C,52,32,33,65,7,14,1.25,17,36,12,24,3,5,1,5,185,17.3,48.7,21.45
Mitchell Marner,20192020,TOR,R,R,55,15,49,64,5,14,1.16,9,41,6,22,0,1,1,2,142,10.6,26.9,21.48333333
Alex Ovechkin,20192020,WSH,R,L,64,45,18,63,-12,30,0.98,32,45,13,18,0,0,1,3,298,15.1,100,20.83333333
Max Pacioretty,20192020,VGK,L,L,67,30,33,63,16,40,0.94,23,45,7,18,0,0,1,4,291,10.3,53.1,17.91666667
Elias Pettersson,20192020,VAN,L,C,64,26,37,63,13,16,0.98,18,39,8,24,0,0,1,5,157,16.6,41.3,18.46666667
Mark Stone,20192020,VGK,R,R,65,21,42,63,15,27,0.97,15,45,6,17,0,1,0,3,168,12.5,34.8,19.41666667
Evgeni Malkin,20192020,PIT,L,C,50,21,42,63,9,52,1.26,16,43,5,20,0,0,0,4,156,13.5,50,19.55
Sebastian Aho,20192020,CAR,L,C,64,36,26,62,10,26,0.97,26,44,7,14,3,4,0,5,198,18.2,46.1,19.41666667
Aleksander Barkov,20192020,FLA,L,C,63,20,42,62,3,16,0.98,13,41,7,20,0,1,0,2,167,12,54,20.06666667
Tomas Tatar,20192020,MTL,L,L,67,22,39,61,5,36,0.91,14,47,8,14,0,0,0,1,162,13.6,36,16.5
Roman Josi,20192020,NSH,L,D,65,16,45,61,20,39,0.94,12,41,4,20,0,0,0,1,240,6.7,--,25.83333333
David Perron,20192020,STL,R,L,66,25,35,60,2,52,0.91,16,33,9,27,0,0,4,9,160,15.6,42.9,18.43333333
Brayden Point,20192020,TBL,R,C,61,23,37,60,27,11,0.98,16,49,7,11,0,0,0,4,130,17.7,50.9,18.9
Travis Konecny,20192020,PHI,R,R,62,23,37,60,-1,28,0.97,19,38,4,22,0,0,0,3,133,17.3,50,16.9
Teuvo Teravainen,20192020,CAR,L,L,64,15,45,60,21,8,0.94,10,37,4,20,1,3,0,1,174,8.6,46.9,19.23333333
Patrik Laine,20192020,WPG,R,R,64,26,33,59,4,22,0.92,19,44,7,15,0,0,0,1,217,12,37,19.7
Blake Wheeler,20192020,WPG,R,R,67,21,38,59,-3,35,0.88,16,37,4,20,1,2,0,2,173,12.1,49.7,19.21666667
Anze Kopitar,20192020,LAK,L,C,66,20,39,59,1,16,0.89,12,37,7,21,1,1,1,5,128,15.6,55,20.96666667
John Tavares,20192020,TOR,L,C,59,26,32,58,-6,20,0.98,19,39,7,19,0,0,3,4,185,14.1,55.3,19.51666667
Andrei Svechnikov,20192020,CAR,L,R,64,24,34,58,11,50,0.91,18,40,6,18,0,0,1,5,176,13.6,0,16.68333333
Sean Couturier,20192020,PHI,L,C,65,21,37,58,20,30,0.89,17,45,4,13,0,0,1,4,174,12.1,59.2,19.81666667
Ryan Strome,20192020,NYR,R,C,65,18,40,58,21,46,0.89,15,41,3,16,0,1,0,3,141,12.8,47.8,19.45
Ryan O'Reilly,20192020,STL,L,C,66,12,46,58,11,10,0.88,9,40,2,17,1,1,1,3,114,10.5,56.2,20.66666667
William Nylander,20192020,TOR,R,R,64,29,28,57,0,12,0.89,21,41,8,16,0,0,1,7,177,16.4,50.5,18.08333333
Mike Hoffman,20192020,FLA,L,L,66,27,29,56,-6,28,0.85,17,36,10,20,0,0,0,3,202,13.4,42.9,16.81666667
Matthew Tkachuk,20192020,CGY,L,L,66,21,35,56,-3,74,0.85,16,38,5,18,0,0,2,4,182,11.5,0,18.3
Ryan Nugent-Hopkins,20192020,EDM,L,C,60,19,37,56,0,33,0.93,13,34,6,22,0,0,0,4,159,11.9,51.5,20.55
Mathew Barzal,20192020,NYI,R,C,64,18,38,56,6,38,0.88,14,45,4,11,0,0,0,2,153,11.8,40.9,19.95
Johnny Gaudreau,20192020,CGY,L,L,67,17,39,56,-11,12,0.84,12,39,5,17,0,0,0,2,199,8.5,25,18.7
Jonathan Toews,20192020,CHI,L,C,65,17,39,56,-4,48,0.86,15,48,1,7,1,1,3,3,157,10.8,57.4,19.7
Patrice Bergeron,20192020,BOS,R,C,57,29,25,54,24,24,0.95,18,34,10,19,1,1,1,5,189,15.3,57.7,18.85
Elias Lindholm,20192020,CGY,R,C,67,28,25,53,-9,22,0.79,20,34,8,19,0,0,1,7,158,17.7,49.4,19.66666667
Brayden Schenn,20192020,STL,L,C,66,24,29,53,-2,44,0.8,14,33,10,20,0,0,0,3,132,18.2,49.2,18.55
Victor Hedman,20192020,TBL,L,D,63,9,44,53,24,31,0.84,6,32,3,21,0,0,0,2,149,6,--,24.3
Reilly Smith,20192020,VGK,L,R,67,27,25,52,16,20,0.78,22,43,3,5,2,4,0,6,163,16.6,25,17.98333333
Nikolaj Ehlers,20192020,WPG,L,L,67,23,29,52,9,30,0.78,19,47,3,4,1,1,0,4,196,11.7,0,16.65
Bo Horvat,20192020,VAN,L,C,65,21,31,52,-13,21,0.8,10,37,11,15,0,0,0,2,170,12.3,57.5,19.7
Jaden Schwartz,20192020,STL,L,L,66,20,32,52,-3,16,0.79,11,32,9,20,0,0,1,4,153,13.1,42.1,18.16666667
Jakub Voracek,20192020,PHI,L,R,65,12,40,52,13,31,0.8,8,35,4,17,0,0,1,3,123,9.8,35,17
Jakub Vrana,20192020,WSH,L,L,65,25,26,51,4,18,0.78,24,39,1,12,0,0,1,6,180,13.9,44.4,14.98333333
Evgeny Kuznetsov,20192020,WSH,L,C,59,19,32,51,0,38,0.86,13,39,6,12,0,0,0,0,123,15.4,43.4,17.9
Nicklas Backstrom,20192020,WSH,L,C,57,11,40,51,-1,14,0.89,9,33,2,18,0,0,0,0,125,8.8,49.5,19.16666667
Quinn Hughes,20192020,VAN,L,D,64,8,43,51,-9,18,0.8,5,27,3,24,0,0,1,2,122,6.6,--,21.75
Bryan Rust,20192020,PIT,R,R,50,24,26,50,16,28,1,16,33,7,15,1,2,2,4,142,16.9,22.2,19.93333333
Brock Nelson,20192020,NYI,L,C,64,23,27,50,4,32,0.78,19,44,4,6,0,0,3,5,163,14.1,51.4,18.8
Sam Reinhart,20192020,BUF,R,C,65,22,28,50,-12,20,0.77,17,38,5,12,0,0,0,2,132,16.7,35.8,20.61666667
Tyler Seguin,20192020,DAL,R,C,65,17,33,50,0,22,0.77,14,35,3,15,0,0,3,6,234,7.3,58.6,19.03333333
Taylor Hall,20192020,"NJD,ARI",L,L,62,15,35,50,-13,32,0.81,11,32,4,18,0,0,0,1,215,7,39.6,19.15
Kevin Fiala,20192020,MIN,L,L,60,20,29,49,0,40,0.82,13,33,7,16,0,0,0,2,154,13,22.2,15.18333333
Claude Giroux,20192020,PHI,R,C,65,19,30,49,6,28,0.75,11,28,7,19,1,2,0,5,182,10.4,59.3,19.03333333
Dylan Larkin,20192020,DET,L,C,68,18,31,49,-23,39,0.72,13,36,5,13,0,0,0,0,211,8.5,51.9,21.18333333
Tony DeAngelo,20192020,NYR,R,D,63,13,36,49,12,47,0.78,10,31,3,18,0,0,2,3,133,9.8,--,19.06666667
Alex Pietrangelo,20192020,STL,R,D,65,13,36,49,8,20,0.75,8,27,5,21,0,1,0,3,206,6.3,--,24.13333333
T.J. Oshie,20192020,WSH,R,R,65,25,22,47,3,26,0.72,15,35,10,12,0,0,1,4,125,20,48.9,18.38333333
Alex Killorn,20192020,TBL,L,L,63,24,23,47,19,20,0.75,17,35,7,12,0,0,0,6,120,20,26.3,17.96666667
Pierre-Luc Dubois,20192020,CBJ,L,C,67,18,29,47,0,47,0.7,17,37,1,10,0,0,2,4,151,11.9,44.8,17.91666667
Cale Makar,20192020,COL,R,D,56,12,35,47,11,12,0.84,8,30,4,17,0,0,0,4,119,10.1,--,21
Evgenii Dadonov,20192020,FLA,L,R,66,25,21,46,-7,8,0.7,14,30,11,16,0,0,0,2,161,15.5,--,17.13333333
Sean Monahan,20192020,CGY,L,C,67,22,24,46,-17,23,0.69,14,31,8,15,0,0,1,5,159,13.8,52.7,18.03333333
Eric Staal,20192020,MIN,L,C,65,19,27,46,-11,28,0.71,14,32,5,14,0,0,1,5,113,16.8,49.5,17.1
Chris Kreider,20192020,NYR,L,L,63,24,21,45,13,58,0.71,15,32,9,13,0,0,0,5,156,15.4,43.1,17.25
Andre Burakovsky,20192020,COL,L,L,58,20,25,45,11,22,0.78,18,34,2,11,0,0,1,6,103,19.4,35.7,15.2
Brock Boeser,20192020,VAN,R,R,56,16,29,45,5,14,0.8,11,31,5,14,0,0,0,3,166,9.6,36.7,18.6
Phillip Danault,20192020,MTL,L,C,67,13,32,45,19,32,0.67,12,41,1,4,0,0,0,1,124,10.5,54.9,18.81666667
Torey Krug,20192020,BOS,L,D,58,8,37,45,-1,31,0.78,6,19,2,26,0,0,1,3,136,5.9,--,20.45
Keith Yandle,20192020,FLA,L,D,66,5,40,45,0,20,0.68,3,24,2,21,0,0,0,0,122,4.1,0,19.81666667
Dominik Kubalik,20192020,CHI,L,L,63,29,15,44,3,14,0.7,25,36,4,8,0,0,0,3,150,19.3,27.8,14.18333333
Jonathan Marchessault,20192020,VGK,R,C,62,20,24,44,3,26,0.71,14,32,6,12,0,0,1,3,222,9,43.6,17.26666667
Max Domi,20192020,MTL,L,C,67,17,27,44,0,31,0.66,16,33,1,11,0,0,2,3,168,10.1,49.6,17.08333333
Shea Theodore,20192020,VGK,L,D,67,11,33,44,11,25,0.66,9,27,1,16,1,1,1,2,202,5.5,--,22.2
Ryan Suter,20192020,MIN,L,D,65,7,37,44,-11,12,0.68,5,27,2,17,0,0,0,2,106,6.6,--,24.56666667
Kyle Palmieri,20192020,NJD,R,R,61,23,20,43,-1,41,0.7,12,25,11,18,0,0,1,3,145,15.9,35.3,17.11666667
Timo Meier,20192020,SJS,L,R,65,21,22,43,-21,40,0.66,19,38,2,5,0,0,0,2,173,12.1,33.3,17.21666667
Jake Guentzel,20192020,PIT,L,L,39,20,23,43,11,14,1.1,14,33,6,10,0,0,1,4,127,15.8,47.8,20.63333333
Tanner Pearson,20192020,VAN,L,L,65,19,24,43,-1,27,0.66,14,30,3,10,2,3,0,3,154,12.3,18.8,16.45
Filip Forsberg,20192020,NSH,R,L,59,18,25,43,-7,27,0.73,13,32,5,11,0,0,0,0,184,9.8,33.3,17.36666667
Clayton Keller,20192020,ARI,L,R,67,17,26,43,-5,26,0.64,15,28,2,15,0,0,0,2,181,9.4,38.1,16.28333333
Brent Burns,20192020,SJS,R,D,65,12,31,43,-20,32,0.66,7,27,5,15,0,1,1,1,209,5.7,--,25.18333333
Neal Pionk,20192020,WPG,R,D,67,6,37,43,11,32,0.64,3,19,3,24,0,0,0,1,165,3.6,--,23.36666667
Jean-Gabriel Pageau,20192020,"OTT,NYI",R,C,63,26,16,42,10,49,0.67,18,26,5,10,3,6,1,5,139,18.7,53.5,19.18333333
Zach Parise,20192020,MIN,L,L,65,23,19,42,-12,8,0.65,10,24,12,17,1,1,0,3,143,16.1,54.3,17.23333333
Tom Wilson,20192020,WSH,R,R,64,21,21,42,1,79,0.66,15,33,5,7,1,2,1,5,148,14.2,32.1,18.33333333
Tyler Bertuzzi,20192020,DET,L,L,68,18,24,42,-25,28,0.62,15,29,3,13,0,0,0,1,120,15,66.7,19.26666667
Anthony Cirelli,20192020,TBL,L,C,63,15,27,42,26,26,0.67,14,36,1,5,0,1,1,3,108,13.9,48.1,18.48333333
Mikael Backlund,20192020,CGY,L,C,67,15,27,42,4,26,0.63,9,30,3,9,3,3,0,2,147,10.2,46.7,17.95
William Karlsson,20192020,VGK,L,C,59,14,28,42,8,16,0.71,10,30,2,7,2,5,0,1,127,11,51.6,18.9
Nikita Gusev,20192020,NJD,R,L,62,12,30,42,-13,12,0.68,8,28,4,14,0,0,0,2,149,8.1,0,14.7
Nick Schmaltz,20192020,ARI,R,C,67,8,34,42,2,18,0.63,6,29,2,13,0,0,0,2,85,9.4,42.6,15.51666667
Evander Kane,20192020,SJS,L,L,59,22,19,41,-8,118,0.69,9,25,11,14,2,2,0,6,188,11.7,53,19.48333333
Brendan Gallagher,20192020,MTL,R,R,56,21,20,41,9,29,0.73,20,36,1,5,0,0,0,1,217,9.7,41.4,16.93333333
Mikko Rantanen,20192020,COL,L,R,42,19,22,41,-2,14,0.98,11,27,8,14,0,0,0,5,107,17.8,58.7,18.95
Kris Letang,20192020,PIT,R,D,56,14,27,41,1,32,0.73,8,26,6,15,0,0,0,2,168,8.3,--,25.83333333
David Krejci,20192020,BOS,R,C,57,13,28,41,15,23,0.72,10,28,3,13,0,0,1,3,75,17.3,50.8,17.18333333
Sidney Crosby,20192020,PIT,L,C,36,13,28,41,-9,13,1.14,9,26,4,15,0,0,2,3,94,13.8,55,20.31666667
Tyler Toffoli,20192020,"LAK,VAN",R,R,64,22,18,40,-3,18,0.63,18,32,4,8,0,0,1,4,188,11.7,28.6,16.7
Zach Werenski,20192020,CBJ,L,D,60,20,20,40,12,10,0.67,14,26,5,13,1,1,2,4,178,11.2,--,23.95
Anders Lee,20192020,NYI,L,L,64,19,21,40,8,42,0.63,18,34,1,6,0,0,1,6,182,10.4,44.6,18.21666667
James van Riemsdyk,20192020,PHI,L,L,65,19,21,40,5,8,0.62,15,31,4,9,0,0,0,2,151,12.6,34.8,15.1
Victor Olofsson,20192020,BUF,L,L,50,19,21,40,-2,6,0.8,8,23,11,17,0,0,1,4,120,15.8,50,18.46666667
Alex Iafallo,20192020,LAK,L,L,66,16,24,40,-1,12,0.61,10,31,6,9,0,0,2,3,134,11.9,50,18.81666667
Ondrej Palat,20192020,TBL,L,L,64,16,24,40,25,22,0.63,11,31,4,8,1,1,0,2,119,13.4,38.9,16.28333333
Alex DeBrincat,20192020,CHI,R,L,65,16,24,40,-13,13,0.62,6,26,10,14,0,0,1,3,187,8.6,36.8,17.51666667
Connor Brown,20192020,OTT,R,R,66,14,26,40,-3,24,0.61,11,34,3,4,0,2,0,1,158,8.9,43.6,20.2
Dougie Hamilton,20192020,CAR,R,D,47,14,26,40,30,32,0.85,12,27,2,12,0,1,2,3,170,8.2,--,23.28333333
Ryan Getzlaf,20192020,ANA,R,C,63,13,27,40,-16,47,0.63,10,31,3,9,0,0,1,5,135,9.6,51.4,18.81666667
Nick Suzuki,20192020,MTL,R,C,67,13,27,40,-14,6,0.6,7,26,6,14,0,0,0,1,126,10.3,46.9,15.9
Josh Bailey,20192020,NYI,L,R,64,13,27,40,-12,10,0.63,10,30,2,9,1,1,0,2,87,14.9,50.4,17.08333333
Gustav Nyquist,20192020,CBJ,L,C,67,13,27,40,5,16,0.6,9,30,3,9,1,1,1,3,138,9.4,51.5,17.95
Matt Duchene,20192020,NSH,L,C,62,12,28,40,-3,24,0.65,8,31,4,9,0,0,0,1,132,9.1,55.8,16.86666667
Robert Thomas,20192020,STL,R,C,61,10,30,40,10,18,0.66,9,34,1,6,0,0,0,2,81,12.3,42.5,14.53333333
Erik Karlsson,20192020,SJS,R,D,56,6,34,40,-15,16,0.71,4,26,1,13,1,1,0,0,120,5,--,24.51666667
Adam Henrique,20192020,ANA,L,C,65,24,15,39,-3,20,0.6,19,31,5,8,0,0,0,0,161,14.9,55.1,16.76666667
Conor Garland,20192020,ARI,R,R,66,22,17,39,2,20,0.59,18,29,4,10,0,0,0,5,155,14.2,28.6,14.2
Kevin Hayes,20192020,PHI,L,C,65,22,17,39,-8,32,0.6,14,28,4,7,4,4,2,5,163,13.5,49.6,17.8
Brady Tkachuk,20192020,OTT,L,L,66,18,21,39,-17,104,0.59,16,31,2,8,0,0,1,2,245,7.3,46.3,18.9
Pavel Buchnevich,20192020,NYR,L,R,63,15,24,39,-2,22,0.62,11,31,4,8,0,0,0,1,133,11.3,18.2,16.7
Jeff Petry,20192020,MTL,R,D,67,10,29,39,-13,26,0.58,6,26,3,12,1,1,2,3,152,6.6,--,23.63333333
Aaron Ekblad,20192020,FLA,R,D,64,5,34,39,7,24,0.61,5,32,0,6,0,1,1,1,145,3.5,--,22.91666667
Tyson Barrie,20192020,TOR,R,D,66,5,34,39,-7,16,0.59,4,27,1,12,0,0,0,0,162,3.1,--,21.78333333
Jamie Benn,20192020,DAL,L,L,65,19,19,38,-2,48,0.58,11,25,8,13,0,0,2,4,151,12.6,56.3,16.33333333
Anthony Beauvillier,20192020,NYI,L,L,64,18,20,38,-7,10,0.59,14,30,3,7,1,1,2,3,124,14.5,72.7,17.23333333
Christian Dvorak,20192020,ARI,L,C,67,18,20,38,8,12,0.57,12,28,6,10,0,0,1,2,130,13.8,55.3,16.7
Logan Couture,20192020,SJS,L,C,48,16,22,38,3,18,0.79,16,28,0,8,0,2,3,3,117,13.7,42.8,18.71666667
Anthony Duclair,20192020,OTT,L,L,62,22,15,37,-10,18,0.6,15,27,5,8,2,2,2,2,175,12.6,60,16.28333333
Zach Hyman,20192020,TOR,R,L,47,21,16,37,13,23,0.79,17,30,3,6,1,1,0,1,99,21.2,44.2,18.93333333
Paul Stastny,20192020,VGK,L,C,67,17,20,37,5,24,0.55,12,27,5,9,0,1,1,3,127,13.4,55.3,17.11666667
Lars Eller,20192020,WSH,L,C,65,15,22,37,1,42,0.57,12,29,2,6,1,2,1,1,145,10.3,52,17.06666667
Jordan Eberle,20192020,NYI,R,R,54,15,22,37,3,12,0.69,11,27,4,10,0,0,0,1,125,12,0,17.51666667
Rasmus Dahlin,20192020,BUF,L,D,55,4,33,37,-6,38,0.67,2,19,2,18,0,0,0,1,84,4.8,--,19.15
Oliver Bjorkstrand,20192020,CBJ,R,R,49,21,15,36,8,12,0.73,18,30,3,6,0,0,0,5,162,13,31.6,17.93333333
Jason Zucker,20192020,"MIN,PIT",L,L,55,19,17,36,-6,21,0.65,12,25,7,11,0,0,0,4,101,18.8,30,16.16666667
Nazem Kadri,20192020,COL,L,C,51,19,17,36,7,97,0.71,15,25,4,11,0,0,0,1,133,14.3,56.8,17.43333333
Tomas Hertl,20192020,SJS,L,C,48,16,20,36,-18,16,0.75,12,27,2,7,2,2,0,1,117,13.7,54.8,18.45
Shea Weber,20192020,MTL,R,D,61,15,21,36,10,28,0.59,12,28,3,8,0,0,0,2,176,8.5,--,24.15
Tyler Ennis,20192020,"OTT,EDM",L,C,65,15,21,36,-3,18,0.55,10,26,5,10,0,0,0,1,148,10.1,42.9,14.73333333
Phil Kessel,20192020,ARI,R,R,67,14,22,36,-21,22,0.54,5,19,9,17,0,0,0,2,140,10,22.2,17.18333333
Kasperi Kapanen,20192020,TOR,R,R,65,13,23,36,1,22,0.55,11,31,0,3,2,2,1,2,115,11.3,13.3,15.78333333
Vincent Trocheck,20192020,"FLA,CAR",R,C,58,10,26,36,-3,37,0.62,9,30,0,5,1,1,0,1,131,7.6,52.8,16.86666667
Ryan Ellis,20192020,NSH,R,D,45,7,29,36,15,15,0.8,6,28,1,8,0,0,2,2,106,6.6,--,23.45
Thomas Chabot,20192020,OTT,L,D,66,6,30,36,-19,38,0.55,6,25,0,11,0,0,0,0,171,3.5,--,26.05
Nick Bonino,20192020,NSH,L,C,63,18,17,35,17,16,0.56,17,34,1,1,0,0,0,3,100,18,52.5,16.55
Jake Virtanen,20192020,VAN,R,R,65,18,17,35,-1,39,0.54,12,26,6,9,0,0,0,6,138,13,27.8,13.05
Martin Necas,20192020,CAR,R,C,60,16,19,35,-3,18,0.58,11,27,5,8,0,0,0,3,82,19.5,28.3,14.2
Charlie Coyle,20192020,BOS,R,C,66,16,19,35,9,19,0.53,13,28,1,5,2,2,0,3,137,11.7,46.7,16.6
Ryan Johansen,20192020,NSH,R,C,65,13,22,35,-5,45,0.54,9,25,3,9,1,1,0,2,96,13.5,53.1,17.16666667
Rickard Rakell,20192020,ANA,R,L,59,13,22,35,-7,10,0.59,11,25,2,7,0,3,0,1,167,7.8,70,18.26666667
Chris Tierney,20192020,OTT,L,C,66,10,25,35,-4,16,0.53,5,29,1,2,4,4,0,1,90,11.1,51.3,17.13333333
Adam Fox,20192020,NYR,R,D,65,7,28,35,20,28,0.54,6,22,1,13,0,0,0,4,120,5.8,--,18.81666667
Jaccob Slavin,20192020,CAR,L,D,64,5,30,35,28,10,0.55,5,31,0,3,0,1,1,3,134,3.7,--,23.28333333
Gabriel Landeskog,20192020,COL,L,L,49,18,16,34,-2,43,0.69,13,24,5,10,0,0,0,4,128,14.1,56.1,19.83333333
Jake DeBrusk,20192020,BOS,L,L,61,18,16,34,-1,14,0.56,11,24,7,10,0,0,0,4,148,12.2,36,16.01666667
Jakob Silfverberg,20192020,ANA,R,R,60,18,16,34,-3,14,0.57,13,26,3,6,2,2,0,1,135,13.3,20,17.53333333
Mats Zuccarello,20192020,MIN,L,R,61,14,20,34,-8,18,0.56,11,27,3,7,0,0,0,2,92,15.2,64.3,16.03333333
Nico Hischier,20192020,NJD,L,C,54,14,20,34,-13,10,0.63,11,23,2,9,1,2,0,1,113,12.4,52.2,18.08333333
Frank Vatrano,20192020,FLA,L,C,66,16,17,33,-8,26,0.5,12,29,2,2,2,2,0,4,153,10.5,30.8,15.03333333
Anthony Mantha,20192020,DET,L,R,40,15,18,33,-10,28,0.82,10,25,5,8,0,0,0,3,130,11.5,40,18.85
Alexander Radulov,20192020,DAL,L,R,58,15,18,33,8,44,0.57,8,24,7,9,0,0,0,3,124,12.1,28.6,16.76666667
Jared McCann,20192020,PIT,L,C,61,14,19,33,6,17,0.54,12,27,2,6,0,0,1,4,140,10,46.1,15.35
Ivan Provorov,20192020,PHI,L,D,65,11,22,33,6,22,0.51,4,17,7,15,0,1,1,3,141,7.8,--,24.86666667
Dylan Strome,20192020,CHI,L,C,53,10,23,33,-3,14,0.62,8,25,2,8,0,0,0,1,84,11.9,47.1,15.95
Mattias Ekholm,20192020,NSH,L,D,64,8,25,33,1,32,0.52,7,26,0,5,1,2,0,2,146,5.5,--,23.45
Kevin Shattenkirk,20192020,TBL,R,D,65,8,25,33,23,34,0.51,7,27,1,6,0,0,0,0,122,6.6,--,18.81666667
Matt Niskanen,20192020,PHI,R,D,64,8,25,33,8,29,0.52,3,19,4,13,1,1,0,0,124,6.5,--,21.88333333
Miro Heiskanen,20192020,DAL,L,D,64,8,25,33,16,12,0.52,8,27,0,6,0,0,0,0,151,5.3,--,23.8
Oscar Klefbom,20192020,EDM,L,D,59,5,28,33,-20,22,0.56,3,15,2,18,0,0,0,0,151,3.3,--,25.6
Samuel Girard,20192020,COL,L,D,65,4,29,33,0,15,0.51,3,21,1,12,0,0,0,1,88,4.5,--,21.1
Blake Coleman,20192020,"NJD,TBL",L,C,61,21,11,32,-2,44,0.52,17,25,1,3,3,4,0,2,191,11,31.7,16.98333333
Roope Hintz,20192020,DAL,L,L,56,18,14,32,4,16,0.57,14,17,2,13,2,2,1,5,110,16.4,49.1,14.76666667
Joonas Donskoi,20192020,COL,R,R,60,15,17,32,5,24,0.53,11,27,4,5,0,0,0,1,105,14.3,47.4,16.38333333
Calle Jarnkrok,20192020,NSH,R,C,60,14,18,32,3,14,0.53,10,22,2,8,2,2,0,1,129,10.8,47.1,16.05
Kevin Labanc,20192020,SJS,R,R,65,14,18,32,-32,36,0.49,11,24,3,8,0,0,0,3,165,8.5,20,16.15
Mikhail Sergachev,20192020,TBL,L,D,65,9,23,32,15,49,0.49,4,20,5,12,0,0,0,0,109,8.3,--,20.08333333
Ryan Pulock,20192020,NYI,R,D,64,7,25,32,9,14,0.5,5,25,2,7,0,0,1,3,143,4.9,--,22.3
Drew Doughty,20192020,LAK,R,D,63,7,25,32,-20,30,0.51,2,17,5,14,0,1,2,2,130,5.4,--,25.8
Alex Goligoski,20192020,ARI,L,D,67,4,28,32,7,20,0.48,2,21,2,11,0,0,0,0,96,4.2,--,23.06666667
Brandon Saad,20192020,CHI,L,L,53,20,11,31,2,16,0.58,17,28,1,1,2,2,0,4,128,15.6,40.4,16.7
Brett Connolly,20192020,FLA,R,R,66,18,13,31,-4,26,0.47,14,25,4,6,0,0,0,2,112,16.1,35.3,14.61666667
Jesper Bratt,20192020,NJD,L,L,56,15,16,31,-4,6,0.55,14,25,1,6,0,0,0,2,96,15.6,20,14
Carl Soderberg,20192020,ARI,L,C,67,15,16,31,2,18,0.46,10,21,5,10,0,0,0,1,119,12.6,45.5,15.8
Zack Kassian,20192020,EDM,R,R,54,15,16,31,-1,69,0.57,15,31,0,0,0,0,0,1,91,16.5,33.3,15.9
Dustin Brown,20192020,LAK,R,R,62,14,17,31,-5,22,0.5,13,26,1,5,0,0,0,0,153,9.2,43.8,18.31666667
Rocco Grimaldi,20192020,NSH,R,R,62,10,21,31,10,8,0.5,10,31,0,0,0,0,0,1,117,8.6,16.7,12.73333333
Rasmus Ristolainen,20192020,BUF,R,D,65,5,26,31,1,42,0.48,3,22,2,8,0,1,0,0,118,4.2,--,22.71666667
John Klingberg,20192020,DAL,R,D,54,5,26,31,-9,16,0.57,4,15,1,16,0,0,0,0,107,4.7,--,22.15
Mikael Granlund,20192020,NSH,L,C,59,17,13,30,-1,24,0.51,12,23,4,6,1,1,2,4,126,13.5,48.5,17.58333333
Patric Hornqvist,20192020,PIT,R,R,47,15,15,30,7,36,0.64,13,24,2,6,0,0,0,1,146,10.3,33.3,15.93333333
Joe Pavelski,20192020,DAL,R,C,63,14,16,30,5,29,0.48,8,18,6,11,0,1,2,3,118,11.9,52.8,17.03333333
Robby Fabbri,20192020,"STL,DET",L,C,58,13,17,30,-31,14,0.52,8,22,5,8,0,0,0,2,104,12.5,37,15.98333333
Adam Gaudette,20192020,VAN,R,C,55,11,19,30,-8,35,0.55,7,18,4,12,0,0,0,1,71,15.5,40.4,12.51666667
Adrian Kempe,20192020,LAK,L,C,65,11,19,30,-11,27,0.46,7,17,2,10,2,3,1,2,138,8,41.6,15.9
Jared Spurgeon,20192020,MIN,R,D,58,11,19,30,-5,18,0.52,8,18,3,12,0,0,0,2,108,10.2,0,22.38333333
Nick Foligno,20192020,CBJ,L,L,64,10,20,30,-1,62,0.47,8,25,2,4,0,1,0,1,129,7.8,48.7,18.58333333
Filip Hronek,20192020,DET,R,D,62,9,21,30,-37,46,0.48,8,20,1,10,0,0,0,0,118,7.6,--,23.78333333
Pavel Zacha,20192020,NJD,L,C,61,8,22,30,-12,14,0.49,3,19,3,7,2,4,0,1,94,8.5,43.4,16.2
Nate Schmidt,20192020,VGK,L,D,55,7,23,30,10,12,0.55,6,24,1,6,0,0,0,0,106,6.6,--,21.73333333
Seth Jones,20192020,CBJ,R,D,56,6,24,30,10,20,0.54,4,20,2,9,0,1,0,0,126,4.8,--,25.28333333
Mark Giordano,20192020,CGY,L,D,57,5,25,30,3,32,0.53,3,17,2,11,0,2,0,0,148,3.4,--,23.85
Alexander Edler,20192020,VAN,L,D,55,5,25,30,10,60,0.55,4,23,1,7,0,0,0,1,107,4.7,--,22.65
Charlie McAvoy,20192020,BOS,R,D,63,4,26,30,21,41,0.48,3,27,1,2,0,1,1,1,94,4.3,--,22.98333333
Denis Gurianov,20192020,DAL,L,R,60,20,9,29,6,9,0.48,13,17,7,12,0,0,0,4,124,16.1,--,12.81666667
James Neal,20192020,EDM,L,L,50,19,10,29,-21,10,0.58,7,12,12,17,0,0,0,2,107,17.8,32.1,16.65
Andrew Mangiapane,20192020,CGY,L,L,65,17,12,29,5,18,0.45,17,28,0,1,0,0,0,2,103,16.5,27.5,13.56666667
Craig Smith,20192020,NSH,R,R,65,17,12,29,18,32,0.45,14,24,3,5,0,0,0,2,167,10.2,50,13.4
Zach Sanford,20192020,STL,L,L,53,15,14,29,15,26,0.55,14,28,1,1,0,0,0,2,82,18.3,12.5,13.63333333
Tyler Johnson,20192020,TBL,R,C,60,14,15,29,9,14,0.48,13,23,1,6,0,0,1,2,108,13,49.1,14.58333333
Warren Foegele,20192020,CAR,L,L,64,13,16,29,9,30,0.45,10,26,0,0,3,3,0,1,125,10.4,47.4,13.81666667
Dominik Kahun,20192020,"PIT,BUF",L,C,52,11,18,29,6,8,0.56,10,27,1,2,0,0,0,2,81,13.6,50.9,13.43333333
Derick Brassard,20192020,NYI,L,C,62,10,19,29,1,16,0.47,7,20,3,9,0,0,0,1,109,9.2,55.5,13.76666667
Derek Ryan,20192020,CGY,R,C,65,10,19,29,9,10,0.45,8,23,1,4,1,2,0,0,98,10.2,52.1,14.56666667
Cam Fowler,20192020,ANA,L,D,59,9,20,29,0,20,0.49,7,21,2,8,0,0,0,2,117,7.7,--,21.98333333
Kyle Turris,20192020,NSH,R,C,58,9,20,29,-8,22,0.5,7,20,2,9,0,0,0,4,81,11.1,47.4,15.41666667
Ryan Dzingel,20192020,CAR,L,C,62,8,21,29,4,23,0.47,4,20,4,9,0,0,0,1,95,8.4,31,14.21666667
Josh Morrissey,20192020,WPG,L,D,61,5,24,29,-4,22,0.48,4,18,1,11,0,0,0,0,114,4.4,--,22.88333333
Darnell Nurse,20192020,EDM,L,D,66,5,24,29,0,46,0.44,5,25,0,4,0,0,0,1,159,3.1,--,23.26666667
Joel Armia,20192020,MTL,R,R,54,15,13,28,2,24,0.52,10,22,3,4,2,2,0,2,147,10.2,28.6,17.18333333
Tyler Bozak,20192020,STL,R,C,63,13,15,28,1,10,0.44,10,24,2,3,1,1,0,2,103,12.6,55.4,15.38333333
Jesper Fast,20192020,NYR,R,R,64,12,16,28,15,20,0.44,10,26,0,0,2,2,0,1,79,15.2,32,16.58333333
Jack Roslovic,20192020,WPG,R,C,67,12,16,28,5,10,0.42,11,26,1,2,0,0,0,0,112,10.7,47.3,14.91666667
J.T. Compher,20192020,COL,R,L,62,10,18,28,13,18,0.45,9,21,1,4,0,3,0,2,96,10.4,48.4,16.35
Alexander Kerfoot,20192020,TOR,L,C,61,9,19,28,-1,32,0.46,8,25,1,3,0,0,0,1,85,10.6,47.3,14.83333333
Damon Severson,20192020,NJD,R,D,65,8,20,28,-20,46,0.43,5,18,3,10,0,0,0,2,109,7.3,--,22.95
Joel Eriksson Ek,20192020,MIN,L,C,58,8,20,28,7,20,0.48,7,26,1,1,0,1,0,4,97,8.3,46.5,15.65
Erik Gustafsson,20192020,"CHI,CGY",L,D,63,6,22,28,-9,25,0.44,4,19,2,9,0,0,0,0,100,6,--,20.48333333
Joe Thornton,20192020,SJS,L,C,65,5,23,28,-16,32,0.43,3,22,2,6,0,0,0,1,69,7.3,49.3,15.35
Jeff Carter,20192020,LAK,R,C,60,17,10,27,-21,36,0.45,14,22,3,5,0,0,1,7,182,9.3,51.2,16.93333333
Vladislav Namestnikov,20192020,"NYR,OTT,COL",L,C,60,14,13,27,-6,37,0.45,9,18,1,3,4,6,0,2,92,15.2,48.9,14.98333333
Luke Kunin,20192020,MIN,R,C,59,13,14,27,-12,55,0.46,12,25,0,1,1,1,0,1,119,10.9,44.9,15.45
Derek Stepan,20192020,ARI,R,C,67,10,17,27,-4,14,0.4,8,19,1,7,1,1,1,2,152,6.6,47.9,17.7
Nino Niederreiter,20192020,CAR,L,R,63,10,17,27,-2,40,0.43,7,18,3,9,0,0,0,2,107,9.3,25,14.96666667
Marcus Johansson,20192020,BUF,L,L,56,8,19,27,-15,20,0.48,7,21,1,6,0,0,1,1,83,9.6,40,17.3
Oliver Ekman-Larsson,20192020,ARI,L,D,63,8,19,27,-3,38,0.43,5,19,2,7,1,1,0,1,130,6.2,--,22.98333333
Jordan Greenway,20192020,MIN,L,L,63,8,19,27,1,45,0.43,8,24,0,3,0,0,0,1,88,9.1,55.5,14.18333333
Jacob Trouba,20192020,NYR,R,D,65,7,20,27,-11,59,0.42,3,17,4,8,0,2,0,1,160,4.4,--,22.63333333
Morgan Rielly,20192020,TOR,L,D,46,3,24,27,6,22,0.59,3,20,0,7,0,0,1,2,122,2.5,0,24.25
Jonas Brodin,20192020,MIN,L,D,65,2,25,27,16,18,0.42,2,24,0,1,0,2,0,0,96,2.1,--,21.48333333
Noel Acciari,20192020,FLA,R,C,63,20,6,26,0,21,0.41,19,25,0,0,1,1,0,5,104,19.2,48.1,15.93333333
Valeri Nichushkin,20192020,COL,L,R,60,12,14,26,30,14,0.43,10,24,1,1,1,1,0,3,102,11.8,40,13.91666667
Cam Atkinson,20192020,CBJ,R,R,44,12,14,26,2,6,0.59,9,18,3,8,0,0,1,2,148,8.1,47.4,17.85
Jakob Chychrun,20192020,ARI,L,D,63,12,14,26,4,38,0.41,7,18,5,8,0,0,0,2,149,8.1,--,22.43333333
Andreas Athanasiou,20192020,"DET,EDM",L,L,50,11,15,26,-45,26,0.52,8,19,3,7,0,0,0,2,121,9.1,42.2,16.28333333
Yanni Gourde,20192020,TBL,L,C,65,10,16,26,-7,42,0.4,7,19,1,5,2,2,1,5,108,9.3,54.8,14.11666667
Ryan Graves,20192020,COL,L,D,64,9,17,26,44,45,0.41,9,24,0,0,0,2,0,0,127,7.1,--,18.53333333
Devon Toews,20192020,NYI,L,D,64,6,20,26,6,14,0.41,5,20,1,6,0,0,1,1,113,5.3,--,20.53333333
Dmitry Orlov,20192020,WSH,L,D,65,3,23,26,4,32,0.4,2,20,1,5,0,1,1,2,100,3,--,22.18333333
Viktor Arvidsson,20192020,NSH,R,R,53,15,10,25,-4,22,0.47,11,19,4,6,0,0,0,1,115,13,61.1,16.46666667
Matt Calvert,20192020,COL,L,L,50,12,13,25,13,39,0.5,9,21,0,0,3,4,0,1,89,13.5,46.1,14.08333333
Artturi Lehkonen,20192020,MTL,L,L,66,12,13,25,2,22,0.38,11,24,0,0,1,1,0,1,131,9.2,46.1,15.31666667
Brandon Tanev,20192020,PIT,L,L,64,11,14,25,1,16,0.39,9,21,0,1,2,3,2,4,91,12.1,40,14.86666667
Chandler Stephenson,20192020,"WSH,VGK",L,C,62,11,14,25,24,16,0.4,8,20,1,2,2,3,1,5,68,16.2,45.3,14.25
Ivan Barbashev,20192020,STL,L,C,64,10,15,25,4,19,0.39,8,22,0,0,2,3,0,2,70,14.3,45.1,13.4
Jason Spezza,20192020,TOR,R,C,54,9,16,25,-2,18,0.46,7,18,2,7,0,0,0,0,67,13.4,53.8,10.93333333
Barclay Goodrow,20192020,"SJS,TBL",L,C,65,8,17,25,-8,84,0.38,8,22,0,2,0,1,0,2,98,8.2,49.2,16.16666667
Wayne Simmonds,20192020,"NJD,BUF",R,R,64,8,17,25,-17,64,0.39,3,16,5,9,0,0,0,1,115,7,39.2,15.05
Colton Parayko,20192020,STL,R,D,59,8,17,25,9,14,0.42,6,20,2,4,0,1,1,1,144,5.6,--,22.96666667
John Marino,20192020,PIT,R,D,51,5,20,25,14,20,0.49,4,21,1,4,0,0,0,0,58,8.6,--,20.31666667
Ian Cole,20192020,COL,L,D,60,4,21,25,25,32,0.42,4,25,0,0,0,0,0,1,83,4.8,--,17.78333333
Lawson Crouse,20192020,ARI,L,L,63,14,10,24,1,28,0.38,13,23,0,0,1,1,0,2,105,13.3,51.1,13.65
Scott Laughton,20192020,PHI,L,C,45,12,12,24,10,16,0.53,12,24,0,0,0,0,0,2,68,17.6,54.2,14.63333333
Boone Jenner,20192020,CBJ,L,C,67,11,13,24,-10,34,0.36,9,19,2,4,0,1,0,1,168,6.5,55.1,18.13333333
Nick Cousins,20192020,"MTL,VGK",L,C,61,10,14,24,1,33,0.39,7,19,3,5,0,0,0,0,108,9.3,49.1,13.46666667
Andrew Copp,20192020,WPG,L,C,59,10,14,24,-4,10,0.41,9,21,1,1,0,2,0,5,116,8.6,53.5,17.76666667
Brady Skjei,20192020,"NYR,CAR",L,D,63,8,16,24,-8,41,0.38,8,22,0,0,0,2,0,1,131,6.1,--,20.71666667
Jordan Staal,20192020,CAR,L,C,64,8,16,24,0,36,0.38,6,21,2,3,0,0,0,0,122,6.6,54.9,17.63333333
Danton Heinen,20192020,"BOS,ANA",L,L,61,8,16,24,3,10,0.39,5,18,3,6,0,0,0,2,95,8.4,41.7,14.38333333
Matt Dumba,20192020,MIN,R,D,65,6,18,24,-5,39,0.37,5,15,1,8,0,1,1,1,162,3.7,--,22.58333333
Ryan Donato,20192020,MIN,L,C,58,14,9,23,9,12,0.4,14,21,0,2,0,0,0,1,90,15.6,39.2,10.63333333
Jeff Skinner,20192020,BUF,L,L,55,14,9,23,-17,18,0.42,14,20,0,3,0,0,0,1,168,8.3,36.4,16.36666667
Erik Haula,20192020,"CAR,FLA",L,L,45,12,11,23,0,22,0.51,8,15,4,8,0,0,0,2,85,14.1,54.9,15.73333333
Oskar Sundqvist,20192020,STL,R,C,52,12,11,23,5,24,0.44,11,21,0,0,1,2,0,1,89,13.5,45.3,14.48333333
Lucas Wallmark,20192020,"CAR,FLA",L,C,64,11,12,23,-3,18,0.36,8,16,3,6,0,1,0,0,82,13.4,50,12.78333333
Kailer Yamamoto,20192020,EDM,R,R,22,10,13,23,17,12,1.05,8,21,2,2,0,0,0,0,37,27,100,17.3
Ilya Kovalchuk,20192020,"LAK,MTL,WSH",R,L,42,9,14,23,-6,18,0.55,7,18,2,5,0,0,2,3,105,8.6,34.8,17.2
Ilya Mikheyev,20192020,TOR,L,R,39,8,15,23,7,4,0.59,7,22,0,0,1,1,0,1,98,8.2,75,15.58333333
Travis Sanheim,20192020,PHI,L,D,65,8,15,23,1,30,0.35,8,19,0,4,0,0,0,0,107,7.5,--,20.11666667
Ondrej Kase,20192020,"ANA,BOS",R,R,51,7,16,23,-8,10,0.45,6,20,0,2,1,1,0,0,138,5.1,20.7,16.68333333
Jake Muzzin,20192020,TOR,L,D,53,6,17,23,12,40,0.43,6,22,0,0,0,1,0,1,99,6.1,--,21.6
Sami Vatanen,20192020,NJD,R,D,47,5,18,23,-12,22,0.49,4,12,1,10,0,1,0,0,95,5.3,--,21.75
Esa Lindell,20192020,DAL,L,D,65,3,20,23,6,10,0.35,2,13,1,7,0,3,1,2,88,3.4,--,23.51666667
Derek Grant,20192020,"ANA,PHI",L,C,52,15,7,22,1,30,0.42,10,15,2,2,3,5,0,5,87,17.2,52,13.88333333
Filip Chytil,20192020,NYR,L,C,56,13,9,22,-3,10,0.39,12,19,1,3,0,0,0,2,110,11.8,37.2,15.05
Marcus Foligno,20192020,MIN,L,L,55,10,12,22,4,26,0.4,10,22,0,0,0,0,0,0,79,12.7,39.1,14.63333333
Teddy Blueger,20192020,PIT,L,C,64,9,13,22,5,21,0.34,9,20,0,0,0,2,0,2,100,9,44.9,15.98333333
Vince Dunn,20192020,STL,L,D,66,8,14,22,16,22,0.33,5,13,3,9,0,0,0,1,128,6.3,--,16.35
Dominik Simon,20192020,PIT,L,C,64,7,15,22,-9,12,0.34,7,21,0,1,0,0,0,0,102,6.9,35.7,14.4
Travis Zajac,20192020,NJD,R,C,65,7,15,22,-10,28,0.34,6,19,0,0,1,3,0,1,65,10.8,52.9,17.13333333
Carl Hagelin,20192020,WSH,L,L,54,7,15,22,10,14,0.41,6,20,0,0,1,2,0,2,96,7.3,52,14.26666667
Sean Kuraly,20192020,BOS,L,C,65,5,17,22,-2,24,0.34,5,20,0,1,0,1,0,0,85,5.9,48.7,13.26666667
Sean Walker,20192020,LAK,R,D,66,5,17,22,-10,26,0.33,5,18,0,4,0,0,0,0,119,4.2,--,18.85
Blake Lizotte,20192020,LAK,L,C,61,5,17,22,-5,18,0.36,2,17,2,3,1,2,0,0,80,6.3,49.3,13.83333333
Noah Hanifin,20192020,CGY,L,D,67,5,17,22,-11,10,0.33,4,17,1,5,0,0,0,0,131,3.8,--,21.5
Hampus Lindholm,20192020,ANA,L,D,55,2,20,22,-10,34,0.4,1,12,1,8,0,2,0,1,109,1.8,--,23.06666667
Duncan Keith,20192020,CHI,L,D,56,2,20,22,-7,18,0.39,1,13,1,9,0,0,0,0,99,2,--,24.23333333
Miles Wood,20192020,NJD,L,L,64,10,11,21,-15,55,0.33,10,21,0,0,0,0,0,1,130,7.7,0,13.05
Jason Dickinson,20192020,DAL,L,C,61,9,12,21,8,6,0.34,9,20,0,0,0,1,0,1,78,11.5,43.5,14.95
Nick Ritchie,20192020,"ANA,BOS",L,L,44,9,12,21,2,82,0.48,7,18,2,3,0,0,0,2,71,12.7,12.5,14.28333333
Pat Maroon,20192020,TBL,L,L,59,8,13,21,1,66,0.36,7,18,1,3,0,0,0,1,75,10.7,62.5,12.41666667
Alex Nylander,20192020,CHI,R,L,60,8,13,21,-6,10,0.35,8,19,0,2,0,0,0,1,84,9.5,27.8,12.01666667
Andreas Johnsson,20192020,TOR,L,L,43,8,13,21,0,14,0.49,4,16,4,5,0,0,0,1,78,10.3,0,15.75
Sonny Milano,20192020,"CBJ,ANA",L,L,49,7,14,21,-4,24,0.43,6,18,1,3,0,0,1,2,66,10.6,--,12.83333333
Jack Hughes,20192020,NJD,L,C,57,7,14,21,-24,8,0.37,3,12,4,9,0,0,1,2,117,6,36.1,15.96666667
Mattias Janmark,20192020,DAL,L,C,58,6,15,21,-5,12,0.36,4,14,1,5,1,2,0,0,77,7.8,43.9,14.66666667
Tyler Myers,20192020,VAN,R,D,65,6,15,21,-4,45,0.32,4,13,1,7,1,1,0,1,129,4.7,--,21.4
Alex Galchenyuk,20192020,"PIT,MIN",L,C,55,6,15,21,-7,12,0.38,4,14,2,7,0,0,0,0,82,7.3,50,12.11666667
Valtteri Filppula,20192020,DET,L,C,67,6,15,21,-42,24,0.31,4,15,1,5,1,1,0,0,62,9.7,44.9,16.58333333
Ethan Bear,20192020,EDM,R,D,66,5,16,21,-2,33,0.32,4,19,1,2,0,0,0,1,93,5.4,--,21.71666667
Rasmus Andersson,20192020,CGY,R,D,67,5,16,21,-8,57,0.31,5,17,0,4,0,0,0,0,120,4.2,--,19.78333333
Vinnie Hinostroza,20192020,ARI,R,R,65,5,16,21,1,14,0.32,5,19,0,1,0,1,0,0,125,4,42.6,13.21666667
Sam Steel,20192020,ANA,L,C,59,5,16,21,-13,20,0.36,4,13,1,8,0,0,1,1,77,6.5,50.8,15.68333333
Will Butcher,20192020,NJD,L,D,56,4,17,21,-8,6,0.38,4,20,0,1,0,0,0,1,62,6.5,--,17.91666667
Marcus Pettersson,20192020,PIT,L,D,64,1,20,21,7,35,0.33,1,19,0,2,0,0,0,0,71,1.4,--,19.65
Artem Anisimov,20192020,OTT,L,C,48,15,5,20,-14,8,0.42,10,14,5,6,0,0,1,1,87,17.2,49.9,14.13333333
Radek Faksa,20192020,DAL,L,C,62,11,9,20,-6,40,0.32,8,17,3,3,0,0,0,3,101,10.9,49.5,15.95
Patrick Marleau,20192020,"SJS,PIT",L,C,61,10,10,20,-5,14,0.33,9,19,1,1,0,0,1,3,105,9.5,49.2,15.58333333
Ben Chiarot,20192020,MTL,L,D,65,9,11,20,10,43,0.31,9,20,0,0,0,0,2,3,127,7.1,--,23.25
Jimmy Vesey,20192020,BUF,L,L,61,9,11,20,11,15,0.33,8,18,0,1,1,1,0,2,90,10,0,14
Matt Nieto,20192020,COL,L,L,65,8,12,20,7,4,0.31,6,18,0,0,2,2,0,3,80,10,40,13.26666667
Alex Chiasson,20192020,EDM,R,R,60,8,12,20,-5,40,0.33,3,8,5,12,0,0,0,2,92,8.7,0,13.16666667
Kirby Dach,20192020,CHI,R,C,59,8,12,20,-3,20,0.34,8,17,0,3,0,0,0,2,96,8.3,32.6,14.2
Pierre-Edouard Bellemare,20192020,COL,L,C,64,8,12,20,3,12,0.31,6,16,0,0,2,4,0,0,76,10.5,52.8,13.25
Kaapo Kakko,20192020,NYR,L,R,61,8,12,20,-23,14,0.33,6,8,2,12,0,0,1,2,100,8,33.3,14.45
Mike Matheson,20192020,FLA,L,D,56,8,12,20,1,12,0.36,7,18,1,2,0,0,0,1,101,7.9,--,17.98333333
Joel Farabee,20192020,PHI,L,L,49,7,13,20,5,39,0.41,6,18,1,2,0,0,0,1,74,9.5,30,14.21666667
Tyson Jost,20192020,COL,L,C,62,7,13,20,16,20,0.32,7,18,0,2,0,0,0,0,106,6.6,34,12.35
Corey Perry,20192020,DAL,R,R,53,5,15,20,0,66,0.38,4,14,1,6,0,0,0,0,69,7.3,40,13.58333333
Alexander Wennberg,20192020,CBJ,L,C,54,5,15,20,-2,16,0.37,4,15,1,5,0,0,0,1,66,7.6,46.4,16.53333333
Mikko Koivu,20192020,MIN,L,C,51,4,16,20,5,28,0.39,3,12,1,7,0,1,0,0,69,5.8,53,15.75
Nick Leddy,20192020,NYI,L,D,56,3,17,20,-2,14,0.36,2,16,1,4,0,0,0,0,71,4.2,--,21.05
Zemgus Girgensons,20192020,BUF,L,C,65,12,7,19,2,10,0.29,11,18,0,0,1,1,0,1,79,15.2,41.1,13.71666667
Josh Archibald,20192020,EDM,R,R,57,11,8,19,-8,12,0.33,9,16,0,0,2,3,1,3,60,18.3,0,13.28333333
Ryan Hartman,20192020,MIN,R,R,65,9,10,19,7,67,0.29,8,18,1,1,0,0,0,1,104,8.7,54.4,12.21666667
Conor Sheary,20192020,"BUF,PIT",L,L,58,9,10,19,-8,8,0.33,8,16,1,3,0,0,0,1,93,9.7,25,13.06666667
Emil Bemstrom,20192020,CBJ,R,C,53,9,10,19,-7,6,0.36,4,11,5,8,0,0,1,4,89,10.1,30.8,12.01666667
Anders Bjork,20192020,BOS,L,L,57,9,10,19,5,10,0.33,8,18,1,1,0,0,0,0,66,13.6,40,12.96666667
Brad Hunt,20192020,MIN,L,D,55,8,11,19,-4,4,0.35,5,9,3,10,0,0,0,0,101,7.9,--,15.38333333
Josh Leivo,20192020,VAN,R,L,36,7,12,19,0,4,0.53,7,14,0,5,0,0,0,0,69,10.1,58.8,15.01666667
Joel Edmundson,20192020,CAR,L,D,64,6,13,19,5,70,0.3,6,19,0,0,0,0,0,0,88,6.8,--,18.23333333
Anton Stralman,20192020,FLA,R,D,66,5,14,19,-5,12,0.29,5,18,0,0,0,1,0,3,87,5.8,--,21.06666667
Connor Murphy,20192020,CHI,R,D,53,5,14,19,1,23,0.36,5,18,0,0,0,1,0,0,110,4.5,--,21.16666667
Brandon Carlo,20192020,BOS,R,D,65,4,15,19,16,31,0.29,4,19,0,0,0,0,0,0,108,3.7,--,20.68333333
Matt Grzelcyk,20192020,BOS,L,D,64,3,16,19,14,34,0.3,3,12,0,6,0,1,0,0,111,2.7,--,18.05
Jake Gardiner,20192020,CAR,L,D,64,3,16,19,-22,30,0.3,3,11,0,8,0,0,1,1,78,3.9,--,16.8
Justin Braun,20192020,PHI,R,D,58,3,16,19,0,14,0.33,3,18,0,1,0,0,0,0,65,4.6,--,17.31666667
Christopher Tanev,20192020,VAN,R,D,65,2,17,19,3,39,0.29,2,17,0,1,0,1,1,1,42,4.8,--,19.61666667
Oskar Lindblom,20192020,PHI,L,L,30,11,7,18,4,4,0.6,8,14,3,4,0,0,0,0,72,15.3,40.6,17.61666667
Mark Pysyk,20192020,FLA,R,D,55,9,9,18,4,20,0.33,9,18,0,0,0,0,0,1,60,15,50,12.8
Kyle Okposo,20192020,BUF,R,R,48,9,9,18,-2,28,0.38,8,17,1,1,0,0,0,2,71,12.7,54.1,12.66666667
Nick Paul,20192020,OTT,L,L,51,8,10,18,0,24,0.35,8,17,0,1,0,0,0,2,93,8.6,51.3,14.4
Milan Lucic,20192020,CGY,L,L,65,7,11,18,-6,54,0.28,2,11,5,7,0,0,0,1,78,9,40.9,13.3
Tyler Pitlick,20192020,PHI,R,C,59,7,11,18,9,12,0.31,7,18,0,0,0,0,0,0,71,9.9,29.4,11.96666667
William Carrier,20192020,VGK,L,L,67,7,11,18,0,39,0.27,7,18,0,0,0,0,0,1,96,7.3,66.7,9.8
Mark Borowiecki,20192020,OTT,L,D,53,7,11,18,1,58,0.34,6,17,0,0,1,1,0,0,63,11.1,--,17.93333333
Michael Raffl,20192020,PHI,L,L,54,7,11,18,-4,12,0.33,6,16,0,1,1,1,0,1,60,11.7,49.7,12.35
Brandon Montour,20192020,BUF,R,D,50,5,13,18,16,26,0.36,5,16,0,2,0,0,0,0,82,6.1,--,19.23333333
Brett Pesce,20192020,CAR,R,D,61,4,14,18,7,27,0.3,4,16,0,0,0,2,0,0,104,3.9,--,21.88333333
Justin Holl,20192020,TOR,R,D,64,2,16,18,14,37,0.28,2,18,0,0,0,0,0,0,84,2.4,--,18.35
Brett Howden,20192020,NYR,L,C,65,9,8,17,-9,26,0.26,8,13,1,2,0,2,0,2,62,14.5,48.1,13.2
Brandon Sutter,20192020,VAN,R,C,40,8,9,17,4,25,0.42,7,14,1,3,0,0,0,0,72,11.1,48.6,14.95
Alex Tuch,20192020,VGK,R,R,42,8,9,17,-10,8,0.4,5,10,3,7,0,0,0,2,98,8.2,28.6,14.61666667
Richard Panik,20192020,WSH,L,R,55,8,9,17,11,34,0.31,8,17,0,0,0,0,0,0,62,12.9,58.8,11.4
Alexander Steen,20192020,STL,L,L,50,7,10,17,7,12,0.34,7,16,0,1,0,0,0,0,68,10.3,57.1,14.01666667
Kyle Clifford,20192020,"LAK,TOR",L,L,65,7,10,17,-6,63,0.26,7,17,0,0,0,0,0,0,105,6.7,66.7,11.3
Cedric Paquette,20192020,TBL,L,C,56,6,11,17,-4,40,0.3,5,15,0,0,1,2,0,0,71,8.4,50.7,13.13333333
Johan Larsson,20192020,BUF,L,C,58,6,11,17,9,22,0.29,6,17,0,0,0,0,0,0,55,10.9,47.4,14.98333333
Colin White,20192020,OTT,R,C,56,6,11,17,-16,32,0.3,5,13,1,4,0,0,0,0,75,8,47,15.56666667
Vladislav Gavrikov,20192020,CBJ,L,D,66,5,12,17,1,18,0.26,5,17,0,0,0,0,0,1,79,6.3,--,18.86666667
Matt Roy,20192020,LAK,R,D,66,4,13,17,10,8,0.26,4,17,0,0,0,0,0,0,106,3.8,--,18.06666667
Michal Kempny,20192020,WSH,L,D,55,3,14,17,13,22,0.31,3,17,0,0,0,0,0,0,66,4.5,--,18.78333333
TJ Brodie,20192020,CGY,L,D,61,2,15,17,8,36,0.28,2,16,0,1,0,0,0,0,61,3.3,--,20.38333333
Blake Comeau,20192020,DAL,R,L,51,8,8,16,-5,32,0.31,7,14,0,0,1,2,0,2,68,11.8,44.6,15.01666667
Marcus Sorensen,20192020,SJS,L,L,61,7,9,16,-9,26,0.26,6,15,0,0,1,1,0,0,73,9.6,17.6,13.73333333
Michael Amadio,20192020,LAK,R,C,64,6,10,16,-12,10,0.25,6,13,0,3,0,0,0,0,95,6.3,49,13.01666667
Colton Sceviour,20192020,FLA,R,C,66,6,10,16,1,6,0.24,6,16,0,0,0,0,0,0,107,5.6,44.1,13.21666667
Brendan Lemieux,20192020,NYR,L,L,54,6,10,16,-13,107,0.3,3,10,2,4,1,2,0,0,76,7.9,36.2,12.91666667
MacKenzie Weegar,20192020,FLA,R,D,42,5,11,16,1,31,0.38,5,16,0,0,0,0,0,0,69,7.3,--,19.85
Philippe Myers,20192020,PHI,R,D,47,4,12,16,16,28,0.34,4,16,0,0,0,0,0,0,74,5.4,--,17.11666667
Olli Maatta,20192020,CHI,L,D,60,4,12,16,3,20,0.27,4,14,0,0,0,2,0,0,73,5.5,--,18.31666667
Madison Bowey,20192020,DET,R,D,50,3,13,16,-16,32,0.32,3,15,0,1,0,0,0,0,68,4.4,--,18.05
Darren Helm,20192020,DET,L,L,65,9,6,15,-5,35,0.23,8,13,0,0,1,2,0,0,94,9.6,53.6,13.58333333
Colton Sissons,20192020,NSH,R,C,53,9,6,15,-1,20,0.28,8,14,0,0,1,1,0,2,51,17.6,51.2,14.28333333
Pierre Engvall,20192020,TOR,L,L,44,8,7,15,5,6,0.34,7,13,0,0,1,2,0,3,66,12.1,38.8,12.06666667
Filip Zadina,20192020,DET,L,R,28,8,7,15,-13,2,0.54,4,8,4,7,0,0,0,1,60,13.3,100,15.16666667
David Kampf,20192020,CHI,L,C,65,7,8,15,-9,6,0.23,6,14,0,0,1,1,0,2,86,8.1,51.9,13.85
Brock McGinn,20192020,CAR,L,L,64,7,8,15,-8,15,0.23,5,13,0,0,2,2,0,1,91,7.7,36.8,13.11666667
Jonathan Drouin,20192020,MTL,L,L,27,7,8,15,-6,14,0.56,6,11,1,4,0,0,0,1,51,13.7,33.3,15.7
P.K. Subban,20192020,NJD,R,D,64,7,8,15,-17,77,0.23,5,11,2,4,0,0,0,3,145,4.8,--,22.03333333
Brian Boyle,20192020,FLA,L,C,39,6,9,15,-5,17,0.38,5,14,1,1,0,0,0,1,56,10.7,52.4,12.38333333
Dillon Dube,20192020,CGY,L,C,42,5,10,15,0,6,0.36,5,14,0,1,0,0,0,2,58,8.6,0,12.71666667
Justin Faulk,20192020,STL,R,D,66,5,10,15,-5,30,0.23,4,11,1,3,0,1,0,1,138,3.6,--,20.55
Troy Terry,20192020,ANA,R,R,47,4,11,15,-5,6,0.32,4,13,0,2,0,0,0,0,73,5.5,37.5,14.51666667
Troy Stecher,20192020,VAN,R,D,65,4,11,15,7,32,0.23,4,15,0,0,0,0,0,0,79,5.1,--,15.33333333
Henri Jokiharju,20192020,BUF,R,D,65,4,11,15,-4,32,0.23,3,13,1,2,0,0,0,0,72,5.6,--,17.25
Ryan Carpenter,20192020,CHI,R,C,64,3,12,15,-6,24,0.23,2,12,0,0,1,3,0,0,73,4.1,43.1,14.28333333
Radko Gudas,20192020,WSH,R,D,62,2,13,15,17,40,0.24,2,15,0,0,0,0,0,1,90,2.2,--,16.8
Casey Cizikas,20192020,NYI,L,C,48,10,4,14,12,41,0.29,7,9,0,0,3,5,0,1,67,14.9,53.5,14.3
Drake Caggiula,20192020,CHI,L,C,36,8,6,14,-6,25,0.39,7,12,1,1,0,1,0,0,50,16,28.6,11.9
Riley Sheahan,20192020,EDM,L,C,61,7,7,14,-12,6,0.23,6,12,0,0,1,2,0,1,64,10.9,49.5,12.85
Carson Soucy,20192020,MIN,L,D,55,7,7,14,16,18,0.25,6,13,0,0,1,1,0,1,61,11.5,--,15.63333333
Jordan Weal,20192020,MTL,R,C,45,7,7,14,-7,14,0.31,5,9,2,5,0,0,0,2,75,9.3,49.2,13.53333333
Austin Watson,20192020,NSH,R,L,52,6,8,14,-8,65,0.27,6,12,0,0,0,2,0,1,49,12.2,50,11.71666667
Carter Rowney,20192020,ANA,R,C,65,6,8,14,2,14,0.22,4,10,0,0,2,4,0,1,59,10.2,44.7,12.71666667
Michael Frolik,20192020,"CGY,BUF",L,R,56,6,8,14,-12,28,0.25,4,11,0,0,2,3,0,1,69,8.7,28.6,12.46666667
Mathieu Perreault,20192020,WPG,L,L,46,6,8,14,-9,10,0.3,5,13,1,1,0,0,0,0,68,8.8,66.7,13.38333333
Riley Nash,20192020,CBJ,R,C,61,5,9,14,5,10,0.23,4,13,0,0,1,1,0,1,61,8.2,48,11.68333333
Marc-Edouard Vlasic,20192020,SJS,L,D,65,5,9,14,-7,10,0.22,4,13,0,0,1,1,0,1,68,7.3,--,20.25
Nate Thompson,20192020,"MTL,PHI",L,C,66,4,10,14,-3,25,0.21,4,13,0,0,0,1,0,1,64,6.3,55,12.81666667
Leo Komarov,20192020,NYI,L,R,45,4,10,14,6,6,0.31,4,13,0,0,0,1,0,1,44,9.1,40.2,12.68333333
Alec Martinez,20192020,"LAK,VGK",L,D,47,3,11,14,-4,21,0.3,3,11,0,3,0,0,0,0,70,4.3,--,21.38333333
Mike Reilly,20192020,"MTL,OTT",L,D,39,1,13,14,-5,22,0.36,0,4,1,9,0,1,0,1,73,1.4,--,18.01666667
Brenden Dillon,20192020,"SJS,WSH",L,D,65,1,13,14,1,96,0.22,1,13,0,0,0,1,0,0,55,1.8,--,19.41666667
Ryan Lindgren,20192020,NYR,L,D,55,1,13,14,14,43,0.25,1,14,0,0,0,0,0,0,39,2.6,--,16.56666667
Garnet Hathaway,20192020,WSH,R,R,62,7,6,13,2,77,0.21,7,12,0,0,0,1,0,1,71,9.9,31,10.78333333
Ryan Reaves,20192020,VGK,R,R,67,7,6,13,-5,47,0.19,7,13,0,0,0,0,0,1,57,12.3,46.8,10.03333333
Tomas Nosek,20192020,VGK,L,L,63,7,6,13,-1,20,0.21,6,12,0,0,1,1,0,1,87,8,50.5,11.48333333
Sam Gagner,20192020,"EDM,DET",R,C,39,6,7,13,-9,12,0.33,4,10,2,3,0,0,0,0,75,8,45.2,13.23333333
Zach Aston-Reese,20192020,PIT,L,C,57,6,7,13,6,28,0.23,5,12,0,0,1,1,0,0,98,6.1,30.4,14.43333333
Nicolas Aube-Kubel,20192020,PHI,R,R,32,6,7,13,-2,19,0.41,4,10,2,3,0,0,0,1,41,14.6,33.3,11.08333333
Alexandre Texier,20192020,CBJ,L,C,36,6,7,13,3,10,0.36,6,12,0,1,0,0,1,1,49,12.2,36.5,12.75
Sam Lafferty,20192020,PIT,R,C,47,6,7,13,6,19,0.28,6,13,0,0,0,0,0,1,52,11.5,50,9.566666667
Zdeno Chara,20192020,BOS,L,D,64,5,8,13,24,55,0.2,5,13,0,0,0,0,0,2,82,6.1,--,20.98333333
Scott Mayfield,20192020,NYI,R,D,63,5,8,13,10,53,0.21,5,11,0,0,0,2,0,1,95,5.3,--,19.91666667
Ben Hutton,20192020,LAK,L,D,61,4,9,13,3,14,0.21,4,13,0,0,0,0,0,1,101,4,--,18.16666667
Nikolai Prokhorkin,20192020,LAK,L,L,39,4,9,13,-7,6,0.33,4,10,0,3,0,0,0,1,56,7.1,46.9,12.21666667
Nikita Zadorov,20192020,COL,L,D,61,4,9,13,9,61,0.21,4,13,0,0,0,0,0,0,64,6.3,--,17.98333333
Marco Scandella,20192020,"BUF,MTL,STL",L,D,57,4,9,13,15,18,0.23,4,13,0,0,0,0,0,0,68,5.9,--,17.3
Jordan Oesterle,20192020,ARI,L,D,55,3,10,13,-8,14,0.24,3,11,0,2,0,0,0,0,66,4.5,--,17
Robert Hagg,20192020,PHI,L,D,45,3,10,13,15,25,0.29,2,12,1,1,0,0,0,0,36,8.3,--,15.58333333
Andy Greene,20192020,"NJD,NYI",L,D,59,2,11,13,3,14,0.22,2,10,0,1,0,2,0,0,58,3.5,--,19.71666667
Erik Johnson,20192020,COL,R,D,54,2,11,13,8,16,0.24,2,13,0,0,0,0,0,1,92,2.2,--,20.83333333
Tucker Poolman,20192020,WPG,R,D,53,2,11,13,-5,24,0.25,2,13,0,0,0,0,0,0,61,3.3,--,17.66666667
Andrew Cogliano,20192020,DAL,L,C,64,2,11,13,1,28,0.2,2,13,0,0,0,0,0,0,65,3.1,47.2,12.55
Michael Del Zotto,20192020,ANA,L,D,43,2,11,13,1,14,0.3,2,12,0,1,0,0,0,0,51,3.9,--,18.36666667
Sam Bennett,20192020,CGY,L,C,49,8,4,12,0,36,0.24,8,11,0,1,0,0,0,0,78,10.3,52.1,12.65
Carter Verhaeghe,20192020,TBL,L,C,50,8,4,12,-9,8,0.24,7,11,1,1,0,0,0,1,55,14.5,45.2,9.366666667
Frederik Gauthier,20192020,TOR,L,C,57,7,5,12,-2,10,0.21,7,12,0,0,0,0,0,0,39,17.9,55.5,9.416666667
Loui Eriksson,20192020,VAN,L,L,46,6,6,12,-1,12,0.26,6,12,0,0,0,0,0,0,57,10.5,100,12.4
Shayne Gostisbehere,20192020,PHI,L,D,41,5,7,12,-3,20,0.29,4,7,1,5,0,0,0,1,73,6.8,--,18.35
Nick Holden,20192020,VGK,L,D,57,5,7,12,-1,13,0.21,4,10,1,1,0,1,0,0,96,5.2,--,19.05
Cody Glass,20192020,VGK,R,C,39,5,7,12,-7,6,0.31,4,6,1,6,0,0,0,1,51,9.8,42,13.36666667
Victor Rask,20192020,MIN,L,C,42,4,8,12,6,6,0.29,4,12,0,0,0,0,0,2,37,10.8,43.4,10.5
Denis Malgin,20192020,"FLA,TOR",R,C,40,4,8,12,-8,14,0.3,3,10,1,1,0,1,0,0,48,8.3,39.9,12.15
Travis Hamonic,20192020,CGY,R,D,50,3,9,12,-3,27,0.24,3,12,0,0,0,0,0,0,83,3.6,--,21.2
Jake McCabe,20192020,BUF,L,D,62,2,10,12,-10,41,0.19,2,12,0,0,0,0,0,1,69,2.9,--,18.66666667
Ron Hainsey,20192020,OTT,L,D,59,1,11,12,11,12,0.2,1,9,0,0,0,3,0,1,38,2.6,--,20.51666667
Ryan McDonagh,20192020,TBL,L,D,48,1,11,12,7,17,0.25,1,11,0,0,0,1,0,0,49,2,--,20.66666667
Max Jones,20192020,ANA,L,L,54,8,3,11,-6,30,0.2,7,10,0,0,1,1,0,0,95,8.4,42.3,14.2
Michael Grabner,20192020,ARI,L,L,45,8,3,11,-3,6,0.24,7,10,0,0,1,1,0,0,59,13.6,0,12.38333333
Antoine Roussel,20192020,VAN,L,L,37,6,5,11,-2,43,0.3,5,9,1,2,0,0,0,0,48,12.5,50,12.08333333
Sammy Blais,20192020,STL,L,L,35,6,5,11,-3,18,0.31,6,11,0,0,0,0,0,1,47,12.8,--,12.5
Eric Robinson,20192020,CBJ,L,L,47,6,5,11,9,12,0.23,6,11,0,0,0,0,0,2,66,9.1,36.4,10.9
Brad Richardson,20192020,ARI,L,C,56,6,5,11,0,20,0.2,5,9,0,0,1,2,0,3,71,8.4,54.7,13.66666667
Dylan Gambrell,20192020,SJS,R,C,45,5,6,11,-7,17,0.24,5,10,0,1,0,0,0,1,38,13.2,46.2,11.58333333
Nic Dowd,20192020,WSH,R,C,52,5,6,11,6,24,0.21,3,9,0,0,2,2,0,1,48,10.4,49.9,10.73333333
Max Comtois,20192020,ANA,L,L,29,5,6,11,-4,24,0.38,3,8,2,3,0,0,0,0,32,15.6,18.8,13.96666667
Erik Cernak,20192020,TBL,R,D,62,5,6,11,8,45,0.18,5,11,0,0,0,0,0,1,118,4.2,--,18.93333333
Trevor Lewis,20192020,LAK,R,C,52,5,6,11,-9,14,0.21,5,11,0,0,0,0,0,1,86,5.8,38.3,11.71666667
Dante Fabbro,20192020,NSH,R,D,60,5,6,11,-5,36,0.18,4,10,1,1,0,0,0,0,88,5.7,--,19
Dominic Toninato,20192020,FLA,L,C,44,4,7,11,3,33,0.25,4,11,0,0,0,0,0,0,35,11.4,47.1,11.21666667
Devin Shore,20192020,"ANA,CBJ",L,C,42,4,7,11,-11,8,0.26,4,9,0,2,0,0,0,1,49,8.2,47.7,11.86666667
Victor Mete,20192020,MTL,L,D,51,4,7,11,5,20,0.22,4,10,0,1,0,0,0,1,57,7,--,16
Zack Smith,20192020,CHI,L,C,50,4,7,11,2,29,0.22,3,9,0,0,1,2,0,1,43,9.3,46.3,11.78333333
Haydn Fleury,20192020,CAR,L,D,41,4,7,11,-3,6,0.27,4,10,0,0,0,1,0,0,62,6.5,--,13.1
Travis Dermott,20192020,TOR,L,D,52,4,7,11,16,35,0.21,4,11,0,0,0,0,0,1,61,6.6,--,16.85
Cody Eakin,20192020,"VGK,WPG",L,C,45,4,7,11,-8,16,0.24,4,10,0,1,0,0,0,0,55,7.3,47.3,14.6
Jack Johnson,20192020,PIT,L,D,62,3,8,11,0,22,0.18,2,10,0,0,1,1,0,0,60,5,--,19.9
Brendan Leipsic,20192020,WSH,L,L,61,3,8,11,3,13,0.18,3,10,0,1,0,0,0,1,49,6.1,42.9,9.166666667
Mike Green,20192020,"DET,EDM",R,D,50,3,8,11,-34,32,0.22,2,7,1,4,0,0,0,1,76,4,--,20.88333333
Jordan Martinook,20192020,CAR,L,L,41,2,9,11,-5,16,0.27,2,9,0,0,0,2,0,1,41,4.9,49.5,11.21666667
Mario Ferraro,20192020,SJS,L,D,59,2,9,11,-13,28,0.19,2,10,0,0,0,1,0,0,59,3.4,--,15.71666667
Johnny Boychuk,20192020,NYI,R,D,63,2,9,11,-9,14,0.17,1,10,1,1,0,0,0,0,94,2.1,--,17.36666667
Nicolas Hague,20192020,VGK,L,D,38,1,10,11,0,32,0.29,0,7,1,4,0,0,0,0,54,1.9,--,16.08333333
Colin Miller,20192020,BUF,R,D,49,1,10,11,-10,20,0.22,1,8,0,3,0,0,1,1,78,1.3,--,17.13333333
Mackenzie MacEachern,20192020,STL,L,L,48,7,3,10,2,23,0.21,7,10,0,0,0,0,0,2,60,11.7,25,8.833333333
Chris Wagner,20192020,BOS,R,R,63,6,4,10,-8,38,0.16,5,9,0,0,1,1,0,0,75,8,46.5,12.45
Kevin Stenlund,20192020,CBJ,R,C,29,6,4,10,1,6,0.34,3,5,3,5,0,0,0,1,50,12,40.3,13.83333333
Curtis Lazar,20192020,BUF,R,C,34,5,5,10,1,9,0.29,5,9,0,0,0,1,0,0,30,16.7,51.2,11.9
Austin Wagner,20192020,LAK,L,L,61,5,5,10,-5,34,0.16,5,10,0,0,0,0,0,0,120,4.2,33.3,11.91666667
Melker Karlsson,20192020,SJS,R,C,56,5,5,10,-8,18,0.18,5,10,0,0,0,0,0,0,49,10.2,48.3,12.05
Gaetan Haas,20192020,EDM,R,C,57,5,5,10,-1,6,0.18,5,9,0,1,0,0,0,0,54,9.3,42.1,9.666666667
Michael Dal Colle,20192020,NYI,L,L,50,4,6,10,-7,12,0.2,4,10,0,0,0,0,0,0,53,7.5,71.4,11.81666667
Nathan Gerbe,20192020,CBJ,L,C,30,4,6,10,-7,22,0.33,4,10,0,0,0,0,0,0,55,7.3,50,13.75
Adam Lowry,20192020,WPG,L,C,47,4,6,10,-3,18,0.21,3,8,0,0,1,2,0,1,64,6.3,53.9,15.08333333
Tobias Rieder,20192020,CGY,L,C,53,4,6,10,-12,6,0.19,3,8,0,0,1,2,0,0,73,5.5,20.8,11.08333333
Vladimir Tarasenko,20192020,STL,L,R,10,3,7,10,-2,0,1,2,7,1,3,0,0,0,0,26,11.5,--,16.18333333
Travis Boyd,20192020,WSH,R,C,24,3,7,10,9,2,0.42,3,9,0,1,0,0,0,0,26,11.5,42,11.75
